Rk,Gtm,Date,,Opp,Rslt,IP,H,R,ER,UER,BB,SO,HR,HBP,ERA,BF,Pit,Str,IR,IS,SB,CS,AB,2B,3B,IBB,SH,SF,ROE,GDP,#,Umpire,Pitchers Used (Rest-GameScore-Dec),Starter,Starter ERA,Starter FIP,Starter WHIP,Starter H9,Starter HR9,Starter BB9,Starter SO9
1,1,Apr 8,@,NYY,"L,5-6",10,9,6,4,2,4,15,3,2,3.6,46,162,115,3,1,0,0,39,1,0,2,0,1,0,0,7,Laz Diaz,"N.Eovaldi (99-51), G.Whitlock (99-BSv), M.Strahm (99), H.Robles (99), J.Diekman (99-H), R.Brasier (99-BSv), K.Crawford (99-L)",N.Eovaldi,3.87,4.3,1.235,9.5,1.7,1.6,8.5
2,2,Apr 9,@,NYY,"L,2-4",8,4,4,4,0,3,5,2,0,4,30,109,68,0,0,0,0,27,0,0,0,0,0,0,0,4,Brian O'Nora,"N.Pivetta (99-46-L), A.Davis (99), H.Sawamura (99), P.Valdez (99)",N.Pivetta,4.56,4.42,1.38,8.8,1.4,3.7,8.8
3,3,Apr 10,@,NYY,"W,4-3",9,11,3,3,0,4,9,0,1,3.67,41,170,105,3,2,1,0,36,2,0,0,0,0,0,2,6,Tripp Gibson,"T.Houck (99-36), R.Brasier (1), K.Crawford (1-W), M.Strahm (1-H), H.Robles (1-H), J.Diekman (1-Sv)",T.Houck,3.15,3.3,1.183,7.4,0.5,3.3,8.4
4,4,Apr 11,@,DET,"L,1-3",8,8,3,3,0,3,10,1,0,3.6,35,145,96,3,1,0,0,31,2,0,0,0,1,0,0,6,Stu Scheurwater,"M.Wacha (99-56), M.Strahm (0), M.Barnes (99), A.Davis (1-L), R.Brasier (0), P.Valdez (1)",M.Wacha,3.32,4.14,1.115,7.8,1.3,2.2,7.4
5,5,Apr 12,@,DET,"W,5-3",9,5,3,3,0,2,6,0,0,3.48,33,112,85,1,0,0,0,31,3,0,0,0,0,0,0,3,Jeff Nelson,"R.Hill (99-44), H.Sawamura (2), G.Whitlock (3-W)",R.Hill,4.27,3.92,1.303,9,1.1,2.7,7.9
6,6,Apr 13,@,DET,"W,9-7",9,11,7,7,0,3,12,3,1,4.08,42,194,128,8,2,0,0,38,1,0,0,0,0,0,0,6,CB Bucknor,"N.Eovaldi (4-56-W), M.Barnes (1), A.Davis (1), K.Crawford (2), J.Diekman (2-H), H.Robles (2-Sv)",N.Eovaldi,3.87,4.3,1.235,9.5,1.7,1.6,8.5
7,7,Apr 15,,MIN,"L,4-8",9,9,8,8,0,8,13,1,2,4.65,44,197,114,0,0,2,1,34,4,0,0,0,0,0,1,6,Jerry Layne,"N.Pivetta (5-30-L), P.Valdez (3), H.Sawamura (2), R.Brasier (3), A.Davis (1), M.Barnes (1)",N.Pivetta,4.56,4.42,1.38,8.8,1.4,3.7,8.8
8,8,Apr 16,,MIN,"W,4-0",9,5,0,0,0,4,10,0,0,4.06,33,133,83,2,0,0,1,29,1,0,0,0,0,0,2,3,Hunter Wendelstedt,"T.Houck (5-66-W), M.Strahm (4), G.Whitlock (3)",T.Houck,3.15,3.3,1.183,7.4,0.5,3.3,8.4
9,9,Apr 17,,MIN,"W,8-1",9,4,1,1,0,3,10,0,0,3.71,33,148,95,1,1,0,0,29,0,0,0,0,1,0,1,5,Chad Whitson,"M.Wacha (5-68), M.Strahm (0-W), R.Brasier (1-H), J.Diekman (3-H), A.Davis (1)",M.Wacha,3.32,4.14,1.115,7.8,1.3,2.2,7.4
10,10,Apr 18,,MIN,"L,3-8",9,9,8,8,0,7,6,2,0,4.15,42,165,102,3,1,1,0,35,0,0,1,0,0,0,1,4,,"R.Hill (5-36-L), P.Valdez (2), K.Crawford (4), H.Sawamura (2)",R.Hill,4.27,3.92,1.303,9,1.1,2.7,7.9
11,11,Apr 19,,TOR,"W,2-1",9,8,1,1,0,1,9,1,0,3.86,36,152,100,1,0,0,0,35,0,0,0,0,0,0,0,5,D.J. Reyburn,"N.Eovaldi (5-51), M.Strahm (1), H.Robles (5-W), J.Diekman (1-H), G.Whitlock (2-Sv)",N.Eovaldi,3.87,4.3,1.235,9.5,1.7,1.6,8.5
12,12,Apr 20,,TOR,"L,1-6",9,9,6,6,0,5,11,1,1,4.04,42,173,110,0,0,2,0,34,0,0,0,0,2,0,1,4,,"N.Pivetta (4-28-L), P.Valdez (1), M.Barnes (4), T.Danish (99)",N.Pivetta,4.56,4.42,1.38,8.8,1.4,3.7,8.8
13,13,Apr 21,,TOR,"L,2-3",9,9,3,3,0,2,8,0,0,3.96,37,146,97,3,0,1,0,34,2,0,0,0,1,0,0,5,James Hoye,"T.Houck (4-56-L), R.Brasier (3), A.Davis (3), H.Sawamura (2), P.Valdez (0)",T.Houck,3.15,3.3,1.183,7.4,0.5,3.3,8.4
14,14,Apr 22,@,TBR,"W,4-3",9,6,3,2,1,5,7,2,0,3.82,38,162,93,4,0,0,0,33,0,0,0,0,0,2,0,6,Vic Carapazza,"M.Wacha (4-54-W), A.Davis (0-H), M.Strahm (2-H), H.Robles (2-H), J.Diekman (2-H), M.Barnes (1-Sv)",M.Wacha,3.32,4.14,1.115,7.8,1.3,2.2,7.4
15,15,Apr 23,@,TBR,"L,2-3",9.2,3,3,0,3,2,14,1,0,3.54,34,133,89,0,0,1,0,32,1,0,0,0,0,1,1,5,Ed Hickox,"G.Whitlock (3-67), A.Davis (0), K.Crawford (4), T.Danish (2), H.Robles (0-BL)",G.Whitlock,3.45,3.29,1.021,7.5,1.1,1.7,9.4
16,16,Apr 24,@,TBR,"L,2-5",8,9,5,5,0,4,3,1,3,3.66,37,126,71,6,4,0,1,30,2,0,0,0,0,0,0,6,Ryan Wills,"R.Hill (5-52), P.Valdez (2-L), R.Brasier (2-BSv), M.Barnes (1), J.Diekman (1), T.Houck (2)",R.Hill,4.27,3.92,1.303,9,1.1,2.7,7.9
17,17,Apr 25,@,TOR,"L,2-6",8,10,6,6,0,0,6,3,0,3.82,32,97,74,2,2,0,0,32,1,0,0,0,0,0,2,3,Dan Bellino,"N.Eovaldi (5-64), M.Strahm (2-L), T.Danish (1)",N.Eovaldi,3.87,4.3,1.235,9.5,1.7,1.6,8.5
18,18,Apr 26,@,TOR,"L,5-6",9.2,8,6,5,1,6,10,1,0,3.87,42,180,114,5,1,0,1,34,2,0,1,1,1,0,0,8,David Rackley,"N.Pivetta (5-52), H.Sawamura (4), A.Davis (2), R.Brasier (1), H.Robles (2-H), J.Diekman (1-BSv), M.Barnes (1-L), M.Strahm (0)",N.Pivetta,4.56,4.42,1.38,8.8,1.4,3.7,8.8
19,19,Apr 27,@,TOR,"W,7-1",9,5,1,1,0,3,8,0,0,3.72,35,141,87,1,0,1,0,32,1,0,0,0,0,0,0,5,Sean Barber,"M.Wacha (4-63-W), J.Diekman (0-H), H.Sawamura (0-H), J.Schreiber (99), T.Danish (1)",M.Wacha,3.32,4.14,1.115,7.8,1.3,2.2,7.4
20,20,Apr 28,@,TOR,"L,0-1",8,6,1,0,1,3,5,0,0,3.55,34,131,84,1,0,1,0,31,1,0,0,0,0,1,0,6,Larry Vanover,"G.Whitlock (4-49-L), A.Davis (1), J.Schreiber (0), R.Brasier (1), M.Barnes (1), H.Robles (1)",G.Whitlock,3.45,3.29,1.021,7.5,1.1,1.7,9.4
21,21,Apr 29,@,BAL,"W,3-1",9,5,1,1,0,4,10,1,0,3.43,35,143,92,2,0,0,0,31,0,0,0,0,0,0,1,5,Adrian Johnson,"R.Hill (4-64), T.Houck (4-W), J.Diekman (1-H), H.Robles (0-H), M.Strahm (2-Sv)",R.Hill,4.27,3.92,1.303,9,1.1,2.7,7.9
22,22,Apr 30,@,BAL,"L,1-2",9,5,2,1,1,1,9,0,0,3.32,35,133,90,0,0,0,0,34,2,0,1,0,0,1,0,4,John Tumpane,"N.Eovaldi (4-79), M.Barnes (1-BSv), R.Brasier (1), H.Sawamura (2-L)",N.Eovaldi,3.87,4.3,1.235,9.5,1.7,1.6,8.5
23,23,May 1,@,BAL,"L,5-9",8,13,9,9,0,4,6,1,1,3.59,41,165,107,6,2,0,2,35,2,0,1,0,1,1,0,6,Ryan Blakney,"N.Pivetta (4-44-L), A.Davis (2), H.Sawamura (0), K.Crawford (7), P.Valdez (6), K.Plawecki (99)",N.Pivetta,4.56,4.42,1.38,8.8,1.4,3.7,8.8
24,24,May 3,,LAA,"W,4-0",9,3,0,0,0,3,5,0,0,3.43,30,101,70,1,0,0,0,27,0,0,0,0,0,0,3,4,Bruce Dreckman,"M.Wacha (5-63-W), J.Diekman (3-H), R.Brasier (2-H), H.Sawamura (1)",M.Wacha,3.32,4.14,1.115,7.8,1.3,2.2,7.4
25,25,May 4,,LAA,"L,5-10",10,8,10,9,1,4,16,4,0,3.64,42,180,112,4,3,0,0,38,1,0,0,0,0,0,0,7,Pat Hoberg,"G.Whitlock (5-64), A.Davis (2-BSv), M.Strahm (4), H.Robles (4-H), J.Diekman (0-BSv), M.Barnes (3-L), H.Sawamura (0)",G.Whitlock,3.45,3.29,1.021,7.5,1.1,1.7,9.4
26,26,May 5,,LAA,"L,0-8",9,8,8,8,0,2,12,2,1,3.81,38,154,96,2,2,0,0,35,0,0,0,0,0,0,0,3,Paul Emmel,"R.Hill (5-70), T.Houck (5-L), K.Crawford (3)",R.Hill,4.27,3.92,1.303,9,1.1,2.7,7.9
27,27,May 6,,CHW,"L,2-4",9,10,4,4,0,5,7,1,0,3.82,40,162,104,2,0,2,0,32,1,0,0,1,2,0,1,5,Chris Conroy,"N.Eovaldi (5-44-L), A.Davis (1), J.Schreiber (7), R.Brasier (2), M.Barnes (1)",N.Eovaldi,3.87,4.3,1.235,9.5,1.7,1.6,8.5
28,28,May 7,,CHW,"L,1-3",10,11,3,2,1,1,11,0,1,3.74,43,160,104,2,0,2,0,40,2,0,0,0,1,0,0,6,Carlos Torres,"N.Pivetta (5-70), R.Brasier (0-H), J.Schreiber (0-H), M.Strahm (2-H), H.Robles (2-BSv), M.Barnes (0-L)",N.Pivetta,4.56,4.42,1.38,8.8,1.4,3.7,8.8
29,29,May 8,,CHW,"L,2-3",9,6,3,3,0,1,10,0,3,3.71,36,130,82,2,0,1,0,31,1,0,0,1,0,0,1,7,Ron Kulpa,"T.Houck (2-40-L), H.Sawamura (3), T.Danish (10), A.Davis (1), H.Robles (0), J.Diekman (3), M.Strahm (0)",T.Houck,3.15,3.3,1.183,7.4,0.5,3.3,8.4
30,30,May 10,@,ATL,"W,9-4",9,6,4,4,0,5,10,1,0,3.72,38,174,113,0,0,2,0,32,1,0,0,0,1,0,0,5,Jordan Baker,"G.Whitlock (5-40), T.Danish (1-W), R.Brasier (2-H), H.Robles (1-H), J.Schreiber (2-Sv)",G.Whitlock,3.45,3.29,1.021,7.5,1.1,1.7,9.4
31,31,May 11,@,ATL,"L,3-5",8.1,8,5,5,0,1,8,2,1,3.77,35,125,86,1,0,1,0,33,2,0,0,0,0,0,0,4,Adam Beck,"N.Eovaldi (4-54), M.Strahm (2), J.Schreiber (0), R.Brasier (0-L)",N.Eovaldi,3.87,4.3,1.235,9.5,1.7,1.6,8.5
32,32,May 13,@,TEX,"W,7-1",9,4,1,1,0,2,5,0,0,3.69,33,120,81,0,0,1,0,31,0,1,0,0,0,0,0,2,Junior Valentine,"N.Pivetta (5-70-W), K.Crawford (7)",N.Pivetta,4.56,4.42,1.38,8.8,1.4,3.7,8.8
33,33,May 14,@,TEX,"W,11-3",9,7,3,2,1,1,7,0,0,3.63,35,132,91,1,0,2,0,34,2,0,0,0,0,1,1,4,Bill Miller,"R.Hill (8-52-W), H.Sawamura (5), M.Barnes (6), J.Diekman (5)",R.Hill,4.27,3.92,1.303,9,1.1,2.7,7.9
34,34,May 15,@,TEX,"L,1-7",8,6,7,7,0,3,6,4,0,3.75,33,128,82,1,0,0,0,30,1,0,0,0,0,0,0,4,Brian Knight,"A.Davis (6-57), T.Houck (6), R.Brasier (3-L), T.Danish (4)",A.Davis,5.47,3.94,1.564,9.3,0.8,4.8,10.1
35,35,May 16,,HOU,"W,6-3",9,7,3,3,0,3,7,1,2,3.73,38,143,95,5,1,0,0,31,3,0,0,1,1,0,1,6,Cory Blaser,"G.Whitlock (5-54), J.Diekman (1-BSv), J.Schreiber (4), M.Barnes (1), M.Strahm (4-W), H.Robles (5-Sv)",G.Whitlock,3.45,3.29,1.021,7.5,1.1,1.7,9.4
36,36,May 17,,HOU,"L,4-13",9,15,13,9,4,1,8,6,1,3.87,45,131,96,0,0,0,0,43,2,0,0,0,0,1,1,7,Nick Mahrley,"N.Eovaldi (5-9-L), T.Danish (1), H.Sawamura (2), R.Brasier (1), M.Barnes (0), J.Diekman (0), A.Davis (1)",N.Eovaldi,3.87,4.3,1.235,9.5,1.7,1.6,8.5
37,37,May 18,,HOU,"W,5-1",9,2,1,1,0,0,8,1,0,3.79,29,112,78,,,0,0,29,1,0,0,0,0,0,0,1,Will Little,N.Pivetta (4-87-W),N.Pivetta,4.56,4.42,1.38,8.8,1.4,3.7,8.8
38,38,May 19,,SEA,"W,12-6",9,10,6,6,0,4,11,2,0,3.85,41,168,96,3,1,0,0,37,2,0,0,0,0,0,0,6,Scott Barry,"R.Hill (4-29), T.Houck (3-W), J.Schreiber (2-H), H.Sawamura (1), M.Strahm (2-H), R.Brasier (1)",R.Hill,4.27,3.92,1.303,9,1.1,2.7,7.9
39,39,May 20,,SEA,"W,7-3",9,5,3,2,1,4,9,1,0,3.81,36,151,89,2,0,0,0,32,2,0,0,0,0,1,1,5,Dan Bellino,"M.Wacha (16-48), A.Davis (2-W), J.Diekman (2-H), J.Schreiber (0-H), M.Strahm (0)",M.Wacha,3.32,4.14,1.115,7.8,1.3,2.2,7.4
40,40,May 21,,SEA,"W,6-5",9,12,5,5,0,0,11,0,0,3.84,38,145,95,0,0,1,0,38,3,0,0,0,0,0,1,6,Adam Hamari,"G.Whitlock (4-22), T.Danish (3), J.Diekman (0), H.Robles (4), J.Schreiber (0-W), M.Barnes (3-Sv)",G.Whitlock,3.45,3.29,1.021,7.5,1.1,1.7,9.4
41,41,May 22,,SEA,"W,8-4",10,9,4,3,1,1,14,2,0,3.8,39,154,101,2,0,0,0,38,1,0,0,0,0,0,1,4,Clint Vondrak,"N.Eovaldi (4-68), A.Davis (1-H), H.Robles (0-BSv), J.Diekman (0-W)",N.Eovaldi,3.87,4.3,1.235,9.5,1.7,1.6,8.5
42,42,May 24,@,CHW,"W,16-3",9,6,3,3,0,4,9,1,0,3.79,37,152,94,0,0,0,0,33,3,0,0,0,0,0,0,4,Alan Porter,"N.Pivetta (5-53-W), H.Sawamura (4), M.Barnes (2), T.Danish (2)",N.Pivetta,4.56,4.42,1.38,8.8,1.4,3.7,8.8
43,43,May 25,@,CHW,"L,1-3",8,5,3,2,1,3,4,1,0,3.75,32,122,83,0,0,0,0,29,1,0,0,0,0,1,1,2,Ryan Wills,"R.Hill (5-53-L), T.Houck (5)",R.Hill,4.27,3.92,1.303,9,1.1,2.7,7.9
44,44,May 26,@,CHW,"W,16-7",9,10,7,7,0,5,7,1,0,3.83,42,178,106,3,1,0,0,36,2,0,0,0,1,0,0,6,Todd Tichenor,"M.Wacha (5-31), J.Schreiber (4-W), T.Danish (1), M.Barnes (1), H.Sawamura (1), A.Davis (3)",M.Wacha,3.32,4.14,1.115,7.8,1.3,2.2,7.4
45,45,May 27,,BAL,"L,8-12",9,15,12,11,1,4,6,3,0,3.99,45,158,104,2,2,0,0,40,1,0,0,0,1,0,1,5,,"G.Whitlock (5-57), J.Diekman (4), J.Schreiber (0-H), M.Strahm (6-BL), H.Sawamura (0)",G.Whitlock,3.45,3.29,1.021,7.5,1.1,1.7,9.4
46,46,May 28(1),,BAL,"W,5-3",9,7,3,2,1,1,6,1,0,3.94,33,108,75,,,1,0,32,1,0,0,0,0,1,3,1,Adrian Johnson,N.Eovaldi (5-68-W),N.Eovaldi,3.87,4.3,1.235,9.5,1.7,1.6,8.5
47,47,May 28(2),,BAL,"L,2-4",9,7,4,4,0,4,7,1,0,3.95,38,137,86,0,0,2,0,34,1,0,0,0,0,1,1,7,Erich Bacchus,"J.Winckowski (99-32-L), A.Davis (1), R.Brasier (8), T.Danish (1), J.Diekman (0), M.Barnes (1), P.Valdez (26)",J.Winckowski,5.89,4.95,1.592,10.9,1.3,3.5,5.6
48,48,May 29,,BAL,"W,12-2",9,7,2,2,0,4,7,0,1,3.91,36,139,84,0,0,0,0,31,3,0,0,0,0,0,3,3,Ryan Blakney,"N.Pivetta (4-60-W), T.Houck (3), P.Valdez (0)",N.Pivetta,4.56,4.42,1.38,8.8,1.4,3.7,8.8
49,49,May 30,,BAL,"L,0-10",9,14,10,10,0,2,8,3,1,4.03,42,162,109,2,2,0,0,38,3,2,0,0,1,0,1,4,John Tumpane,"R.Hill (4-27-L), H.Sawamura (2), R.Brasier (1), M.Barnes (1)",R.Hill,4.27,3.92,1.303,9,1.1,2.7,7.9
50,50,May 31,,CIN,"L,1-2",9,8,2,0,2,2,6,0,0,3.95,37,148,99,3,0,1,0,35,2,0,0,0,0,1,1,4,Bruce Dreckman,"M.Wacha (4-64-L), A.Davis (2), T.Danish (2), J.Diekman (2)",M.Wacha,3.32,4.14,1.115,7.8,1.3,2.2,7.4
51,51,Jun 1,,CIN,"W,7-1",9,7,1,0,1,0,1,0,0,3.87,31,106,75,0,0,1,0,31,0,0,0,0,0,0,3,3,Edwin Moscoso,"G.Whitlock (4-60-W), T.Houck (2-H), J.Schreiber (4)",G.Whitlock,3.45,3.29,1.021,7.5,1.1,1.7,9.4
52,52,Jun 3,@,OAK,"W,7-2",9,6,2,2,0,4,12,0,0,3.84,36,150,92,2,1,2,0,32,2,0,0,0,0,0,1,5,Todd Tichenor,"N.Eovaldi (5-71-W), T.Danish (2), M.Strahm (6), J.Schreiber (1-H), R.Brasier (3)",N.Eovaldi,3.87,4.3,1.235,9.5,1.7,1.6,8.5
53,53,Jun 4,@,OAK,"W,8-0",9,4,0,0,0,2,10,0,0,3.76,32,125,79,0,0,1,0,30,2,0,0,0,0,0,0,3,John Libka,"N.Pivetta (5-78-W), T.Houck (2), H.Sawamura (4)",N.Pivetta,4.56,4.42,1.38,8.8,1.4,3.7,8.8
54,54,Jun 5,@,OAK,"W,5-2",9,7,2,2,0,1,9,0,0,3.73,35,135,93,1,0,0,0,34,3,0,0,0,0,0,0,4,Jim Reynolds,"R.Hill (5-67-W), J.Schreiber (1-H), T.Danish (1), R.Brasier (1)",R.Hill,4.27,3.92,1.303,9,1.1,2.7,7.9
55,55,Jun 6,@,LAA,"W,1-0",9,3,0,0,0,1,6,0,0,3.66,29,105,71,,,0,0,28,1,0,0,0,0,0,1,1,Chris Conroy,M.Wacha (5-86-W),M.Wacha,3.32,4.14,1.115,7.8,1.3,2.2,7.4
56,56,Jun 7,@,LAA,"W,6-5",10,8,5,5,0,4,14,1,0,3.68,42,167,108,0,0,0,1,38,5,0,1,0,0,0,0,6,Carlos Torres,"G.Whitlock (5-39), J.Diekman (6), H.Sawamura (2), A.Davis (6), T.Houck (2-W), M.Strahm (3-Sv)",G.Whitlock,3.45,3.29,1.021,7.5,1.1,1.7,9.4
57,57,Jun 8,@,LAA,"W,1-0",9,7,0,0,0,0,8,0,1,3.61,34,129,88,1,0,0,0,33,0,0,0,0,0,0,1,5,Cory Blaser,"N.Eovaldi (4-60-W), T.Danish (2-H), J.Diekman (0-H), J.Schreiber (2-H), M.Strahm (0-Sv)",N.Eovaldi,3.87,4.3,1.235,9.5,1.7,1.6,8.5
58,58,Jun 9,@,LAA,"L,2-5",8,8,5,5,0,3,15,2,1,3.64,36,149,101,2,2,0,0,32,2,0,0,0,0,0,0,4,Charlie Ramos,"N.Pivetta (4-48-L), H.Sawamura (1), A.Davis (1), H.Robles (17)",N.Pivetta,4.56,4.42,1.38,8.8,1.4,3.7,8.8
59,59,Jun 10,@,SEA,"W,4-3",9,10,3,3,0,4,12,1,1,3.63,42,186,123,0,0,1,1,37,3,0,0,0,0,1,0,6,Dan Bellino,"R.Hill (4-49), J.Schreiber (1), J.Diekman (1-W), H.Robles (0-H), M.Strahm (1-H), T.Houck (2-Sv)",R.Hill,4.27,3.92,1.303,9,1.1,2.7,7.9
60,60,Jun 11,@,SEA,"L,6-7",8.2,13,7,6,1,4,7,1,2,3.67,44,179,107,5,1,0,0,38,2,0,0,0,0,1,1,6,Laz Diaz,"M.Wacha (4-35), J.Diekman (0), R.Brasier (5-H), M.Strahm (0-BSv), A.Davis (1), H.Robles (0-BL)",M.Wacha,3.32,4.14,1.115,7.8,1.3,2.2,7.4
61,61,Jun 12,@,SEA,"W,2-0",9,1,0,0,0,5,10,0,0,3.61,33,128,69,1,0,3,0,28,0,0,0,0,0,0,0,6,,"K.Crawford (29-68), R.Brasier (0), A.Davis (0), T.Danish (3-W), J.Schreiber (1-H), T.Houck (1-Sv)",K.Crawford,5.47,4.34,1.422,9.4,1.4,3.4,9
62,62,Jun 14,,OAK,"W,6-1",9,4,1,1,0,3,3,1,0,3.57,32,116,75,0,0,0,0,29,0,0,0,0,0,0,2,2,Ted Barrett,"N.Pivetta (4-73-W), P.Valdez (15)",N.Pivetta,4.56,4.42,1.38,8.8,1.4,3.7,8.8
63,63,Jun 15,,OAK,"W,10-1",9,7,1,1,0,1,6,1,0,3.53,34,131,91,0,0,0,0,33,1,0,0,0,0,0,1,5,Lance Barksdale,"J.Winckowski (17-61-W), J.Diekman (3), H.Sawamura (5), R.Brasier (2), T.Danish (2)",J.Winckowski,5.89,4.95,1.592,10.9,1.3,3.5,5.6
64,64,Jun 16,,OAK,"L,3-4",9,7,4,2,2,0,5,0,0,3.51,36,117,84,1,1,0,0,36,2,0,0,0,0,2,0,5,Bruce Dreckman,"R.Hill (5-49-L), H.Sawamura (0), R.Brasier (0), H.Robles (4), T.Danish (0)",R.Hill,4.27,3.92,1.303,9,1.1,2.7,7.9
65,65,Jun 17,,STL,"W,6-5",9,10,5,5,0,3,7,1,1,3.53,39,157,93,4,2,0,0,35,3,1,0,0,0,0,1,5,Shane Livensparger,"M.Wacha (5-56-W), J.Schreiber (4-H), M.Strahm (5-H), A.Davis (4), T.Houck (4-Sv)",M.Wacha,3.32,4.14,1.115,7.8,1.3,2.2,7.4
66,66,Jun 18,,STL,"L,2-11",9,14,11,10,1,6,10,3,0,3.63,47,205,123,3,3,0,0,41,3,0,0,0,0,0,1,5,Chad Whitson,"K.Crawford (5-37-L), R.Brasier (1), H.Robles (1), H.Sawamura (1), A.Davis (0)",K.Crawford,5.47,4.34,1.422,9.4,1.4,3.4,9
67,67,Jun 19,,STL,"W,6-4",9,7,4,4,0,5,14,1,0,3.63,38,156,96,0,0,2,1,33,2,0,0,0,0,0,0,4,Jordan Baker,"N.Pivetta (4-71-W), J.Schreiber (1-H), T.Danish (2), T.Houck (1-Sv)",N.Pivetta,4.56,4.42,1.38,8.8,1.4,3.7,8.8
68,68,Jun 20,,DET,"W,5-2",9,10,2,2,0,1,5,0,0,3.61,36,134,88,2,0,0,0,34,3,0,0,0,1,0,1,5,Larry Vanover,"J.Winckowski (4-53-W), J.Diekman (4-H), M.Strahm (2-H), J.Schreiber (0-H), T.Houck (0-Sv)",J.Winckowski,5.89,4.95,1.592,10.9,1.3,3.5,5.6
69,69,Jun 21,,DET,"W,5-4",9,11,4,4,0,2,7,2,1,3.62,39,141,95,0,0,0,0,36,0,1,0,0,0,0,2,5,Dan Bellino,"R.Hill (4-45-W), R.Brasier (2-H), T.Danish (1-H), M.Strahm (0-H), J.Schreiber (0-Sv)",R.Hill,4.27,3.92,1.303,9,1.1,2.7,7.9
70,70,Jun 22,,DET,"W,6-2",9,5,2,2,0,3,8,1,0,3.59,35,131,83,0,0,0,0,32,1,0,0,0,0,0,0,3,Ryan Wills,"M.Wacha (4-59-W), J.Diekman (1), H.Sawamura (3)",M.Wacha,3.32,4.14,1.115,7.8,1.3,2.2,7.4
71,71,Jun 24,@,CLE,"W,6-3",9,12,3,3,0,0,7,1,1,3.58,39,131,87,0,0,2,0,38,0,0,0,0,0,0,0,3,Alan Porter,"N.Pivetta (4-55-W), J.Schreiber (2-H), T.Houck (3)",N.Pivetta,4.56,4.42,1.38,8.8,1.4,3.7,8.8
72,72,Jun 25,@,CLE,"W,4-2",9,7,2,2,0,3,6,0,0,3.56,36,132,86,3,0,0,0,32,0,1,0,0,1,0,1,5,Jeremie Rehak,"J.Winckowski (4-51-W), J.Diekman (2-H), J.Schreiber (0-H), M.Strahm (3-H), T.Houck (0-Sv)",J.Winckowski,5.89,4.95,1.592,10.9,1.3,3.5,5.6
73,73,Jun 26,@,CLE,"W,8-3",9,8,3,2,1,4,8,0,0,3.54,37,126,83,0,0,0,0,33,4,0,0,0,0,1,2,4,Adam Beck,"R.Hill (4-59-W), R.Brasier (4), H.Robles (7), T.Houck (0)",R.Hill,4.27,3.92,1.303,9,1.1,2.7,7.9
74,74,Jun 27,@,TOR,"L,2-7",8,10,7,7,0,1,11,3,2,3.59,37,133,83,0,0,0,0,34,3,0,0,0,0,0,0,5,Jerry Layne,"C.Seabold (99-24-L), T.Danish (5), A.Davis (8), H.Sawamura (4), H.Robles (0)",C.Seabold,11.29,6.38,2.345,17.2,2.5,3.9,9.3
75,75,Jun 28,@,TOR,"L,5-6",8,13,6,6,0,4,5,0,0,3.63,39,144,92,2,2,1,0,35,3,0,0,0,0,0,1,5,Nick Mahrley,"M.Wacha (5-36), R.Brasier (1), J.Schreiber (2), T.Danish (0-L), H.Robles (0-BSv)",M.Wacha,3.32,4.14,1.115,7.8,1.3,2.2,7.4
76,76,Jun 29,@,TOR,"W,6-5",10,10,5,4,1,5,11,1,1,3.63,46,193,129,1,0,0,0,40,3,0,0,0,0,0,0,4,D.J. Reyburn,"N.Pivetta (4-56), J.Schreiber (0-H), R.Brasier (0-BSv), M.Strahm (3-W)",N.Pivetta,4.56,4.42,1.38,8.8,1.4,3.7,8.8
77,77,Jul 1,@,CHC,"L,5-6",8,6,6,6,0,10,8,1,1,3.67,41,154,86,6,2,0,0,30,3,1,0,0,0,1,1,5,Jansen Visconti,"R.Hill (4-45), T.Danish (2), H.Robles (2-BL), J.Diekman (5), H.Sawamura (3)",R.Hill,4.27,3.92,1.303,9,1.1,2.7,7.9
78,78,Jul 2,@,CHC,"L,1-3",8,8,3,2,1,1,11,0,0,3.65,32,127,90,0,0,2,0,30,0,0,0,0,1,0,1,3,Vic Carapazza,"J.Winckowski (6-59-L), R.Brasier (2), T.Houck (5)",J.Winckowski,5.89,4.95,1.592,10.9,1.3,3.5,5.6
79,79,Jul 3,@,CHC,"W,4-2",11,9,2,2,0,5,14,1,2,3.62,46,179,114,0,0,0,1,39,1,0,0,0,0,0,2,6,Brock Ballou,"C.Seabold (5-48), H.Sawamura (1), J.Schreiber (3-H), M.Strahm (3-BSv), T.Houck (0), J.Diekman (1-W)",C.Seabold,11.29,6.38,2.345,17.2,2.5,3.9,9.3
80,80,Jul 4,,TBR,"W,4-0",9,2,0,0,0,2,11,0,0,3.57,32,129,92,1,0,0,0,30,0,0,0,0,0,1,0,3,Phil Cuzzi,"A.Davis (6-57), K.Crawford (15-W), J.Schreiber (0-Sv)",A.Davis,5.47,3.94,1.564,9.3,0.8,4.8,10.1
81,81,Jul 5,,TBR,"L,4-8",9,11,8,8,0,6,8,0,1,3.63,42,148,88,1,1,1,1,34,4,0,0,0,1,0,0,4,Mark Ripperger,"N.Pivetta (5-27-L), J.Diekman (1), H.Robles (3), T.Danish (3)",N.Pivetta,4.56,4.42,1.38,8.8,1.4,3.7,8.8
82,82,Jul 6,,TBR,"L,1-7",9,10,7,7,0,9,7,1,0,3.67,45,181,97,0,0,0,1,36,5,0,0,0,0,1,1,5,Shane Livensparger,"B.Bello (99-33-L), J.Diekman (0), H.Sawamura (2), A.Davis (1), T.Danish (0)",B.Bello,4.71,2.94,1.779,11.8,0.2,4.2,8.6
83,83,Jul 7,,NYY,"L,5-6",9,7,6,6,0,5,7,2,0,3.7,39,142,84,0,0,1,0,34,1,1,0,0,0,0,0,5,Erich Bacchus,"J.Winckowski (4-28-L), M.Strahm (3), J.Schreiber (2), R.Brasier (4), A.Davis (0)",J.Winckowski,5.89,4.95,1.592,10.9,1.3,3.5,5.6
84,84,Jul 8,,NYY,"L,5-12",9,14,12,11,1,7,8,2,1,3.79,49,199,117,1,0,4,0,40,4,1,0,1,0,0,0,4,Chad Fairchild,"C.Seabold (4-12-L), M.Feliz (99), A.Davis (0), J.Bradley (99)",C.Seabold,11.29,6.38,2.345,17.2,2.5,3.9,9.3
85,85,Jul 9,,NYY,"W,6-5",10,10,5,4,1,3,12,1,0,3.78,40,172,118,1,0,0,2,37,3,0,0,0,0,0,0,6,Jerry Layne,"K.Crawford (4-59), R.Brasier (1), M.Strahm (1), J.Schreiber (1), T.Houck (5), J.Diekman (2-W)",K.Crawford,5.47,4.34,1.422,9.4,1.4,3.4,9
86,86,Jul 10,,NYY,"W,11-6",9,11,6,6,0,2,8,2,0,3.81,38,167,115,2,0,0,0,36,1,0,0,0,0,1,2,5,Tripp Gibson,"N.Pivetta (4-23), K.Ort (99), H.Sawamura (3-W), M.Strahm (0), R.Brasier (0)",N.Pivetta,4.56,4.42,1.38,8.8,1.4,3.7,8.8
87,87,Jul 11,@,TBR,"L,5-10",8,14,10,7,3,3,7,0,2,3.85,41,157,101,1,1,0,1,35,3,0,0,0,1,1,2,5,Nate Tomlinson,"B.Bello (4-30), A.Davis (2), J.Diekman (1-L), K.Ort (0), P.Valdez (26)",B.Bello,4.71,2.94,1.779,11.8,0.2,4.2,8.6
88,88,Jul 12,@,TBR,"L,2-3",8,6,3,1,2,3,9,0,0,3.82,33,126,84,3,2,0,0,30,1,0,0,0,0,0,0,6,Chris Conroy,"C.Sale (99-65), R.Brasier (1-H), M.Strahm (1-BL), K.Ort (0), J.Schreiber (2), H.Sawamura (1)",C.Sale,3.18,2.41,1.059,7.9,0,1.6,7.9
89,89,Jul 13,@,TBR,"L,1-4",8,5,4,4,0,5,6,1,0,3.83,34,139,86,0,0,0,0,29,0,0,0,0,0,0,0,3,Ron Kulpa,"J.Winckowski (5-55-L), J.Diekman (1), P.Valdez (1)",J.Winckowski,5.89,4.95,1.592,10.9,1.3,3.5,5.6
90,90,Jul 14,@,TBR,"L,4-5",8,9,5,5,0,0,9,0,1,3.85,33,119,81,2,2,0,0,31,5,0,0,1,0,0,0,3,Carlos Torres,"K.Crawford (4-54), J.Schreiber (1-BL), D.Hernandez (99)",K.Crawford,5.47,4.34,1.422,9.4,1.4,3.4,9
91,91,Jul 15,@,NYY,"W,5-4",11,9,4,3,1,4,10,1,1,3.83,44,159,104,1,0,0,0,39,2,0,2,0,0,0,4,5,D.J. Reyburn,"N.Eovaldi (36-41), J.Schreiber (0), G.Whitlock (37-H), T.Houck (5-BW), R.Brasier (2-Sv)",N.Eovaldi,3.87,4.3,1.235,9.5,1.7,1.6,8.5
92,92,Jul 16,@,NYY,"L,1-14",8,12,14,14,0,8,9,4,2,3.94,47,198,123,5,2,0,0,37,2,0,0,0,0,1,0,6,John Libka,"N.Pivetta (5-22-L), D.Hernandez (1), K.Ort (3), H.Sawamura (3), A.Davis (4), J.Diekman (2)",N.Pivetta,4.56,4.42,1.38,8.8,1.4,3.7,8.8
93,93,Jul 17,@,NYY,"L,2-13",8,14,13,12,1,6,6,2,3,4.04,47,188,110,6,2,2,0,37,2,0,0,0,1,0,1,9,Jansen Visconti,"C.Sale (4-38-L), H.Sawamura (0), D.Hernandez (0), R.Brasier (1), J.Diekman (0), T.Houck (1), G.Whitlock (1), J.Schreiber (1), K.Ort (0)",C.Sale,3.18,2.41,1.059,7.9,0,1.6,7.9
94,94,Jul 22,,TOR,"L,5-28",9,29,28,27,1,5,9,5,1,4.28,63,228,154,4,4,0,0,57,5,0,0,0,0,1,0,7,Doug Eddings,"N.Eovaldi (6-7-L), A.Davis (5), K.Ort (4), D.Hernandez (4), J.Diekman (4), H.Sawamura (4), Y.Sanchez (99)",N.Eovaldi,3.87,4.3,1.235,9.5,1.7,1.6,8.5
95,95,Jul 23,,TOR,"L,1-4",9,7,4,4,0,4,8,0,0,4.28,35,137,86,0,0,2,1,30,2,0,0,0,1,0,2,4,Roberto Ortiz,"K.Crawford (8-53-L), J.Schreiber (5), T.Houck (5), R.Brasier (5)",K.Crawford,5.47,4.34,1.422,9.4,1.4,3.4,9
96,96,Jul 24,,TOR,"L,4-8",9,15,8,8,0,4,7,0,0,4.32,46,178,113,0,0,2,0,42,4,1,0,0,0,0,2,6,Bill Miller,"B.Bello (12-24-L), H.Sawamura (1), G.Whitlock (6), A.Davis (1), K.Ort (1), J.Diekman (1)",B.Bello,4.71,2.94,1.779,11.8,0.2,4.2,8.6
97,97,Jul 25,,CLE,"W,3-1",9,8,1,1,0,3,10,0,0,4.29,37,132,90,2,0,0,0,34,0,0,0,0,0,0,1,3,Dan Iassogna,"N.Pivetta (8-54), J.Schreiber (1-W), G.Whitlock (0-Sv)",N.Pivetta,4.56,4.42,1.38,8.8,1.4,3.7,8.8
98,98,Jul 26,,CLE,"L,3-8",9,12,8,7,1,4,8,2,1,4.31,43,176,106,0,0,3,0,38,1,0,0,0,0,0,2,6,Marty Foster,"J.Winckowski (12-27-L), A.Davis (1), H.Sawamura (1), J.Diekman (1), T.Houck (2), K.Ort (1)",J.Winckowski,5.89,4.95,1.592,10.9,1.3,3.5,5.6
99,99,Jul 27,,CLE,"L,6-7",9,12,7,6,1,1,2,1,0,4.33,42,143,94,0,0,0,0,40,6,0,0,1,0,0,0,3,Ben May,"N.Eovaldi (4-37), J.Schreiber (1-BSv), T.Houck (0-L)",N.Eovaldi,3.87,4.3,1.235,9.5,1.7,1.6,8.5
100,100,Jul 28,,CLE,"W,4-2",9,5,2,2,0,1,5,1,1,4.31,33,118,78,1,0,1,0,31,2,0,0,0,0,0,1,3,Scott Barry,"K.Crawford (4-61), J.Diekman (1-W), G.Whitlock (2-Sv)",K.Crawford,5.47,4.34,1.422,9.4,1.4,3.4,9
101,101,Jul 29,,MIL,"L,1-4",9,8,4,4,0,5,12,0,1,4.3,39,139,95,1,1,0,0,32,2,1,2,0,1,0,2,4,Jim Reynolds,"A.Davis (2-59), B.Bello (4-L), R.Brasier (5), H.Sawamura (2)",A.Davis,5.47,3.94,1.564,9.3,0.8,4.8,10.1
102,102,Jul 30,,MIL,"L,4-9",9,14,9,9,0,5,9,3,1,4.35,46,179,112,3,2,3,0,38,6,0,1,0,2,0,1,5,John Libka,"N.Pivetta (4-35-L), K.Ort (3), J.Diekman (1), R.Brasier (0), H.Sawamura (0)",N.Pivetta,4.56,4.42,1.38,8.8,1.4,3.7,8.8
103,103,Jul 31,,MIL,"W,7-2",9,11,2,2,0,1,4,1,1,4.33,37,137,95,2,0,0,1,35,2,0,1,0,0,0,2,4,Mike Muchlinski,"J.Winckowski (4-45-W), G.Whitlock (2-H), A.Davis (1), J.Schreiber (3)",J.Winckowski,5.89,4.95,1.592,10.9,1.3,3.5,5.6
104,104,Aug 1,@,HOU,"W,3-2",9,6,2,0,2,3,9,0,0,4.29,36,146,87,1,0,0,0,32,2,0,0,0,1,0,1,3,Angel Hernandez,"N.Eovaldi (4-63-W), J.Schreiber (0-H), T.Houck (4-Sv)",N.Eovaldi,3.87,4.3,1.235,9.5,1.7,1.6,8.5
105,105,Aug 2,@,HOU,"W,2-1",9,9,1,1,0,2,8,0,0,4.25,37,141,94,2,0,1,1,35,2,0,0,0,0,0,0,4,James Hoye,"K.Crawford (4-59-W), H.Sawamura (2-H), A.Davis (1-H), T.Houck (0-Sv)",K.Crawford,5.47,4.34,1.422,9.4,1.4,3.4,9
106,106,Aug 3,@,HOU,"L,1-6",8,12,6,6,0,0,6,1,1,4.27,36,137,94,2,0,0,0,34,4,0,0,0,1,0,0,5,Jim Wolf,"R.Hill (32-32-L), B.Bello (4), H.Sawamura (0), K.Ort (3), R.Brasier (3)",R.Hill,4.27,3.92,1.303,9,1.1,2.7,7.9
107,107,Aug 4,@,KCR,"L,3-7",8,11,7,7,0,3,6,2,0,4.3,36,138,92,0,0,4,1,32,1,0,0,0,1,0,1,3,Bill Welke,"N.Pivetta (4-45), M.Barnes (65), D.Hernandez (12-L)",N.Pivetta,4.56,4.42,1.38,8.8,1.4,3.7,8.8
108,108,Aug 5,@,KCR,"W,7-4",9,9,4,4,0,5,10,1,0,4.3,41,156,97,2,2,0,0,35,2,1,0,0,1,0,0,5,Chris Segal,"J.Winckowski (4-55-W), R.Brasier (1), H.Sawamura (1), A.Davis (2), J.Schreiber (3)",J.Winckowski,5.89,4.95,1.592,10.9,1.3,3.5,5.6
109,109,Aug 6,@,KCR,"L,4-5",8.2,8,5,5,0,0,8,3,0,4.31,33,126,90,0,0,1,0,33,0,0,0,0,0,0,1,2,Junior Valentine,"N.Eovaldi (4-49), G.Whitlock (5-L)",N.Eovaldi,3.87,4.3,1.235,9.5,1.7,1.6,8.5
110,110,Aug 7,@,KCR,"L,5-13",8,11,13,13,0,6,6,1,1,4.39,40,141,87,3,3,0,1,31,3,2,0,0,2,0,0,6,Gabe Morales,"K.Crawford (4-39-L), R.Brasier (1), J.Schreiber (1), M.Barnes (2), D.Hernandez (2), A.Davis (1)",K.Crawford,5.47,4.34,1.422,9.4,1.4,3.4,9
111,111,Aug 9,,ATL,"L,7-9",11,13,9,7,2,7,4,1,0,4.41,51,200,136,6,0,1,0,44,4,2,1,0,0,0,1,8,Ben May,"R.Hill (5-31), R.Brasier (1), M.Barnes (1-BSv), H.Sawamura (3), J.Schreiber (1), G.Whitlock (2), K.Ort (5-L), A.Davis (1)",R.Hill,4.27,3.92,1.303,9,1.1,2.7,7.9
112,112,Aug 10,,ATL,"L,4-8",9,12,8,8,0,2,10,2,0,4.44,39,174,113,1,0,1,0,36,1,0,0,0,1,0,2,5,Adam Beck,"N.Pivetta (5-53-L), D.Hernandez (2), R.Brasier (0), A.Davis (0), K.Ort (0)",N.Pivetta,4.56,4.42,1.38,8.8,1.4,3.7,8.8
113,113,Aug 11,,BAL,"W,4-3",9,8,3,3,0,2,6,0,0,4.43,36,134,91,1,0,1,0,34,0,1,0,0,0,0,1,4,Nick Mahrley,"J.Winckowski (5-45), A.Davis (0-W), M.Barnes (1-H), J.Schreiber (1-Sv)",J.Winckowski,5.89,4.95,1.592,10.9,1.3,3.5,5.6
114,114,Aug 12,,NYY,"W,3-2",10,9,2,2,0,3,8,1,1,4.4,41,168,111,0,0,2,1,37,1,0,0,0,0,0,1,4,Mark Carlson,"N.Eovaldi (5-49), M.Barnes (0), R.Brasier (1), G.Whitlock (2-W)",N.Eovaldi,3.87,4.3,1.235,9.5,1.7,1.6,8.5
115,115,Aug 13,,NYY,"L,2-3",9,6,3,3,0,5,11,1,0,4.39,37,141,88,0,0,0,1,32,1,0,0,0,0,1,1,3,Jordan Baker,"K.Crawford (5-61), H.Sawamura (3), J.Schreiber (1-L)",K.Crawford,5.47,4.34,1.422,9.4,1.4,3.4,9
116,116,Aug 14,,NYY,"W,3-0",9,2,0,0,0,1,11,0,0,4.35,30,117,79,0,0,1,0,29,0,0,0,0,0,0,0,3,Ryan Additon,"M.Wacha (46-81-W), R.Brasier (1-H), G.Whitlock (1-Sv)",M.Wacha,3.32,4.14,1.115,7.8,1.3,2.2,7.4
117,117,Aug 16,@,PIT,"W,5-3",9,4,3,3,0,4,9,0,0,4.34,35,139,89,3,3,0,0,31,1,0,0,0,0,0,0,4,Roberto Ortiz,"N.Pivetta (5-78-W), A.Davis (4), J.Schreiber (2-H), M.Barnes (3-Sv)",N.Pivetta,4.56,4.42,1.38,8.8,1.4,3.7,8.8
118,118,Aug 17,@,PIT,"W,8-3",9,6,3,3,0,0,9,1,0,4.33,33,115,82,0,0,0,0,33,1,0,0,0,0,1,1,4,Doug Eddings,"R.Hill (7-57-W), R.Brasier (2-H), H.Sawamura (3-H), J.Familia (16)",R.Hill,4.27,3.92,1.303,9,1.1,2.7,7.9
119,119,Aug 18,@,PIT,"L,2-8",8,10,8,8,0,2,6,2,0,4.36,36,138,92,0,0,0,0,34,2,0,0,0,0,0,0,2,Bill Miller,"J.Winckowski (6-30-L), A.Davis (1)",J.Winckowski,5.89,4.95,1.592,10.9,1.3,3.5,5.6
120,120,Aug 19,@,BAL,"L,10-15",8,18,15,15,0,3,6,5,1,4.46,45,168,109,2,1,0,0,40,6,0,0,0,1,0,0,6,,"K.Crawford (5-5-L), H.Sawamura (1), R.Brasier (1), J.Familia (1), M.Barnes (2), M.Strahm (37)",K.Crawford,5.47,4.34,1.422,9.4,1.4,3.4,9
121,121,Aug 20,@,BAL,"W,4-3",9,8,3,2,1,1,8,0,0,4.44,35,123,86,2,0,0,0,34,0,1,0,0,0,0,1,3,Mike Estabrook,"M.Wacha (5-64-W), J.Schreiber (3-H), G.Whitlock (5-Sv)",M.Wacha,3.32,4.14,1.115,7.8,1.3,2.2,7.4
122,122,Aug 21,@,BAL,"L,3-5",8,8,5,5,0,5,13,0,2,4.45,39,167,102,3,1,0,0,32,2,0,0,0,0,0,0,5,Will Little,"N.Pivetta (4-57), M.Strahm (1), M.Barnes (1-L), J.Schreiber (0), A.Davis (2)",N.Pivetta,4.56,4.42,1.38,8.8,1.4,3.7,8.8
123,123,Aug 23,,TOR,"L,3-9",9,13,9,9,0,5,7,0,0,4.48,44,172,112,3,3,0,0,39,5,2,0,0,0,0,1,6,Tripp Gibson,"J.Winckowski (4-22-L), A.Davis (1), J.Familia (3), H.Sawamura (3), R.Brasier (3), R.McGuire (99)",J.Winckowski,5.89,4.95,1.592,10.9,1.3,3.5,5.6
124,124,Aug 24,,TOR,"L,2-3",10,10,3,2,1,1,11,0,0,4.46,40,130,92,0,0,0,0,39,1,0,0,0,0,0,1,5,Laz Diaz,"B.Bello (20-53), M.Barnes (2), G.Whitlock (3), J.Schreiber (2), R.Brasier (0-L)",B.Bello,4.71,2.94,1.779,11.8,0.2,4.2,8.6
125,125,Aug 25,,TOR,"L,5-6",10,13,6,5,1,7,9,1,0,4.46,48,190,110,2,0,1,0,41,2,0,0,0,0,0,2,6,Chad Fairchild,"K.Crawford (5-31), M.Strahm (3), J.Familia (1), H.Sawamura (1), M.Barnes (0), J.Schreiber (0-L)",K.Crawford,5.47,4.34,1.422,9.4,1.4,3.4,9
126,126,Aug 26,,TBR,"W,9-8",9,9,8,8,0,2,10,3,2,4.49,39,144,93,0,0,1,0,34,3,0,0,0,1,0,1,5,Roberto Ortiz,"M.Wacha (5-51-W), M.Strahm (0), R.Brasier (1), M.Barnes (0-H), G.Whitlock (1-Sv)",M.Wacha,3.32,4.14,1.115,7.8,1.3,2.2,7.4
127,127,Aug 27,,TBR,"W,5-1",9,6,1,1,0,2,12,0,0,4.46,35,141,99,2,0,1,0,33,0,0,0,0,0,0,0,3,Doug Eddings,"R.Hill (9-81-W), J.Familia (1), J.Schreiber (1-Sv)",R.Hill,4.27,3.92,1.303,9,1.1,2.7,7.9
128,128,Aug 28,,TBR,"L,4-12",9,17,12,10,2,6,7,2,0,4.5,49,199,128,0,0,1,0,42,5,0,0,0,1,0,0,4,Bill Miller,"N.Pivetta (6-32-L), H.Sawamura (2), R.Brasier (1), A.Davis (4)",N.Pivetta,4.56,4.42,1.38,8.8,1.4,3.7,8.8
129,129,Aug 29,@,MIN,"L,2-4",8,7,4,4,0,6,8,0,0,4.5,36,161,93,5,3,0,1,29,1,0,0,0,1,0,0,5,Jerry Meals,"B.Bello (4-39-L), M.Strahm (2), J.Schreiber (1-BSv), Z.Kelly (99), K.Ort (18)",B.Bello,4.71,2.94,1.779,11.8,0.2,4.2,8.6
130,130,Aug 30,@,MIN,"L,5-10",8,9,10,9,1,6,8,3,1,4.54,40,149,91,2,2,0,0,33,3,0,0,0,0,1,0,5,Vic Carapazza,"K.Crawford (4-38-L), R.Brasier (1), J.Familia (2), Z.Kelly (0), M.Barnes (3)",K.Crawford,5.47,4.34,1.422,9.4,1.4,3.4,9
131,131,Aug 31,@,MIN,"W,6-5",9,9,5,5,0,3,10,1,0,4.55,38,151,97,0,0,0,0,34,3,0,0,0,1,1,1,3,Adam Beck,"M.Wacha (4-62-W), G.Whitlock (4), M.Barnes (0-Sv)",M.Wacha,3.32,4.14,1.115,7.8,1.3,2.2,7.4
132,132,Sep 1,,TEX,"W,9-8",9,13,8,8,0,7,5,1,0,4.57,47,184,108,2,2,2,0,39,1,0,0,0,1,0,0,6,Tripp Gibson,"R.Hill (4-34), J.Schreiber (2), K.Ort (2), Z.Kelly (1), E.Bazardo (99), J.Familia (1-W)",R.Hill,4.27,3.92,1.303,9,1.1,2.7,7.9
133,133,Sep 2,,TEX,"W,9-1",9,6,1,1,0,3,6,0,0,4.55,35,114,77,1,0,1,0,32,2,0,0,0,0,0,0,6,Brian O'Nora,"N.Pivetta (4-47), T.Danish (57-W), M.Strahm (3-H), R.Brasier (2), K.Ort (0), E.Bazardo (0)",N.Pivetta,4.56,4.42,1.38,8.8,1.4,3.7,8.8
134,134,Sep 3,,TEX,"W,5-3",9,10,3,3,0,1,9,2,0,4.53,38,139,98,3,0,0,0,37,0,0,0,0,0,0,0,4,Chad Fairchild,"B.Bello (4-70-W), G.Whitlock (2-H), M.Barnes (2-H), J.Schreiber (1-Sv)",B.Bello,4.71,2.94,1.779,11.8,0.2,4.2,8.6
135,135,Sep 4,,TEX,"W,5-2",9,4,2,2,0,4,7,0,0,4.51,34,157,96,1,0,1,1,30,1,0,0,0,0,0,0,5,Nick Mahrley,"J.Winckowski (11-48), K.Ort (1-W), J.Familia (2-H), M.Strahm (1-H), J.Schreiber (0-Sv)",J.Winckowski,5.89,4.95,1.592,10.9,1.3,3.5,5.6
136,136,Sep 5,@,TBR,"L,3-4",8,9,4,4,0,0,8,0,1,4.51,34,125,86,1,1,1,0,33,5,0,0,0,0,0,0,3,,"M.Wacha (4-57), J.Familia (0-BL), Z.Kelly (3)",M.Wacha,3.32,4.14,1.115,7.8,1.3,2.2,7.4
137,137,Sep 6,@,TBR,"L,4-8",8,13,8,8,0,2,8,3,1,4.54,37,137,92,0,0,0,0,34,4,0,0,0,0,0,2,4,Lance Barksdale,"R.Hill (4-26-L), E.Bazardo (3), T.Danish (3), R.Brasier (3)",R.Hill,4.27,3.92,1.303,9,1.1,2.7,7.9
138,138,Sep 7,@,TBR,"L,0-1",8,4,1,1,0,4,4,0,0,4.52,31,129,71,0,0,2,0,27,2,0,1,0,0,0,0,4,Mike Estabrook,"N.Pivetta (4-59-L), J.Schreiber (2), M.Strahm (2), Z.Kelly (1)",N.Pivetta,4.56,4.42,1.38,8.8,1.4,3.7,8.8
139,139,Sep 9,@,BAL,"L,2-3",8,5,3,3,0,6,8,0,1,4.51,34,144,81,3,3,0,1,27,1,0,0,0,0,0,0,4,John Tumpane,"B.Bello (5-53-L), K.Ort (4-BSv), Z.Kelly (1), M.Barnes (5)",B.Bello,4.71,2.94,1.779,11.8,0.2,4.2,8.6
140,140,Sep 10,@,BAL,"W,17-4",9,8,4,3,1,0,7,1,0,4.5,36,114,84,0,0,0,0,35,1,0,0,0,1,1,0,4,James Hoye,"M.Wacha (4-53-W), R.Brasier (3), M.Strahm (2), E.Bazardo (3)",M.Wacha,3.32,4.14,1.115,7.8,1.3,2.2,7.4
141,141,Sep 11,@,BAL,"W,1-0",9,3,0,0,0,4,14,0,2,4.47,36,137,84,0,0,1,0,30,0,0,0,0,0,0,0,5,Nestor Ceja,"R.Hill (4-67-W), J.Schreiber (3-H), M.Strahm (0-H), G.Whitlock (7-H), M.Barnes (1-Sv)",R.Hill,4.27,3.92,1.303,9,1.1,2.7,7.9
142,142,Sep 13,,NYY,"L,6-7",10,8,7,6,1,5,7,3,0,4.48,40,161,103,2,0,1,1,35,1,0,1,0,0,0,1,6,Mark Wegner,"N.Pivetta (5-47), R.Brasier (2), J.Schreiber (1-H), G.Whitlock (1-BSv), M.Barnes (1), J.Familia (7-L)",N.Pivetta,4.56,4.42,1.38,8.8,1.4,3.7,8.8
143,143,Sep 14,,NYY,"L,3-5",9,10,5,2,3,3,12,0,0,4.46,41,171,108,0,0,4,0,38,3,0,0,0,0,1,0,5,Nick Mahrley,"B.Bello (4-54-L), Z.Kelly (4), K.Ort (4), E.Bazardo (3), R.Brasier (0)",B.Bello,4.71,2.94,1.779,11.8,0.2,4.2,8.6
144,144,Sep 16,,KCR,"W,2-1",9,8,1,1,0,1,6,0,0,4.44,34,116,82,0,0,1,0,33,0,1,0,0,0,0,1,3,Ramon De Jesus,"M.Wacha (5-63), G.Whitlock (2-W), M.Strahm (4-Sv)",M.Wacha,3.32,4.14,1.115,7.8,1.3,2.2,7.4
145,145,Sep 17,,KCR,"L,0-9",9,15,9,8,1,2,6,0,0,4.46,44,158,108,4,3,2,0,42,2,0,0,0,0,0,0,5,,"R.Hill (5-38-L), R.Brasier (2), F.German (99), E.Bazardo (2), T.Danish (10)",R.Hill,4.27,3.92,1.303,9,1.1,2.7,7.9
146,146,Sep 18,,KCR,"W,13-3",9,8,3,3,0,5,13,1,0,4.45,40,171,111,0,0,1,0,35,3,0,0,0,0,0,0,5,Lance Barrett,"N.Pivetta (4-46-W), K.Ort (3), J.Schreiber (4), M.Strahm (1), M.Barnes (4)",N.Pivetta,4.56,4.42,1.38,8.8,1.4,3.7,8.8
147,147,Sep 20,@,CIN,"W,5-3",9,9,3,3,0,5,8,1,0,4.44,40,144,86,3,1,0,0,34,2,0,0,0,1,0,1,6,Cory Blaser,"B.Bello (5-50-W), R.Brasier (2-H), Z.Kelly (5-H), M.Barnes (1-H), M.Strahm (1), J.Schreiber (1-Sv)",B.Bello,4.71,2.94,1.779,11.8,0.2,4.2,8.6
148,148,Sep 21,@,CIN,"L,1-5",8,8,5,5,0,1,6,1,1,4.45,33,119,80,0,0,1,0,31,0,0,0,0,0,0,0,4,Mark Ripperger,"C.Seabold (74-42-L), E.Bazardo (3), T.Danish (3), F.German (3)",C.Seabold,11.29,6.38,2.345,17.2,2.5,3.9,9.3
149,149,Sep 22,@,NYY,"L,4-5",9,9,5,4,1,7,6,1,1,4.45,40,141,83,0,0,1,0,30,1,0,1,0,2,0,4,5,Carlos Torres,"M.Wacha (5-49), J.Schreiber (1-H), R.Brasier (1-BSv), M.Barnes (1), K.Ort (3-L)",M.Wacha,3.32,4.14,1.115,7.8,1.3,2.2,7.4
150,150,Sep 23,@,NYY,"L,4-5",8,8,5,4,1,4,9,1,0,4.45,35,141,90,0,0,1,0,31,1,0,0,0,0,0,0,4,Brian Knight,"R.Hill (5-43), Z.Kelly (2), K.Ort (0), M.Strahm (2-L)",R.Hill,4.27,3.92,1.303,9,1.1,2.7,7.9
151,151,Sep 24,@,NYY,"L,5-7",8,8,7,7,0,6,12,3,0,4.47,36,155,94,0,0,0,1,30,0,0,0,0,0,0,0,4,Clint Vondrak,"N.Pivetta (5-39), R.Brasier (1), J.Schreiber (1-L), E.Bazardo (2)",N.Pivetta,4.56,4.42,1.38,8.8,1.4,3.7,8.8
152,152,Sep 25,@,NYY,"L,0-2",6,6,2,1,1,2,4,0,0,4.45,27,95,61,,,2,0,25,3,0,0,0,0,1,0,1,Chris Conroy,B.Bello (4-56-L),B.Bello,4.71,2.94,1.779,11.8,0.2,4.2,8.6
153,153,Sep 26,,BAL,"L,8-14",9,14,14,13,1,8,7,5,0,4.51,48,192,115,3,2,0,0,40,2,2,0,0,0,0,1,6,John Libka,"C.Seabold (4-28-L), T.Danish (4), Z.Kelly (2), K.Ort (2), F.German (4), E.Bazardo (1)",C.Seabold,11.29,6.38,2.345,17.2,2.5,3.9,9.3
154,154,Sep 27,,BAL,"W,13-9",9,15,9,9,0,2,8,4,1,4.54,44,176,110,1,1,2,0,41,2,3,0,0,0,0,1,6,Gabe Morales,"M.Wacha (4-23), M.Strahm (3-W), Z.Kelly (0), J.Schreiber (2), R.Brasier (2), M.Barnes (4)",M.Wacha,3.32,4.14,1.115,7.8,1.3,2.2,7.4
155,155,Sep 28,,BAL,"W,3-1",9,7,1,1,0,2,12,1,0,4.52,34,140,95,0,0,0,0,32,1,0,0,0,0,0,1,4,Shane Livensparger,"R.Hill (4-70-W), R.Brasier (0-H), K.Ort (1-H), M.Barnes (0-Sv)",R.Hill,4.27,3.92,1.303,9,1.1,2.7,7.9
156,156,Sep 29,,BAL,"W,5-3",9,9,3,2,1,1,8,1,0,4.5,38,155,103,0,0,0,0,37,2,0,0,0,0,2,0,5,Mike Muchlinski,"N.Eovaldi (47-51), E.Bazardo (2), M.Strahm (1-BSv), Z.Kelly (1-W), K.Ort (0-Sv)",N.Eovaldi,3.87,4.3,1.235,9.5,1.7,1.6,8.5
157,157,Sep 30,@,TOR,"L,0-9",8,13,9,9,0,3,6,3,0,4.53,40,146,95,0,0,1,0,36,1,0,0,0,1,0,0,3,Andy Fletcher,"N.Pivetta (5-38-L), T.Danish (3), F.German (3)",N.Pivetta,4.56,4.42,1.38,8.8,1.4,3.7,8.8
158,158,Oct 1,@,TOR,"L,0-10",8,21,10,10,0,3,8,2,0,4.57,46,169,106,0,0,0,0,42,4,0,0,0,1,0,2,3,Pat Hoberg,"B.Bello (5-28-L), Z.Kelly (1), J.Winckowski (26)",B.Bello,4.71,2.94,1.779,11.8,0.2,4.2,8.6
159,159,Oct 2,@,TOR,"L,3-6",8,9,6,6,0,2,8,3,1,4.58,35,141,91,0,0,1,1,32,2,0,0,0,0,0,1,4,Erich Bacchus,"M.Wacha (4-33-L), E.Bazardo (2), K.Ort (2), F.German (1)",M.Wacha,3.32,4.14,1.115,7.8,1.3,2.2,7.4
160,160,Oct 3,,TBR,"W,4-3",9,5,3,1,2,1,8,2,0,4.56,32,128,91,0,0,0,0,31,0,1,0,0,0,1,2,4,Laz Diaz,"R.Hill (4-63), J.Schreiber (5-W), R.Brasier (4-H), M.Barnes (4-Sv)",R.Hill,4.27,3.92,1.303,9,1.1,2.7,7.9
161,161,Oct 4,,TBR,"W,6-0",5,2,0,0,0,2,4,0,0,4.54,18,64,40,,,0,0,16,1,0,0,0,0,0,1,1,Chad Fairchild,N.Eovaldi (4-65-W),N.Eovaldi,3.87,4.3,1.235,9.5,1.7,1.6,8.5
162,162,Oct 5,,TBR,"W,6-3",9,7,3,3,0,6,8,2,1,4.53,39,188,124,0,0,0,0,32,3,0,0,0,0,0,1,6,Tripp Gibson,"N.Pivetta (4-48), E.Bazardo (2-W), M.Strahm (5-H), R.Brasier (1-H), J.Schreiber (1-H), M.Barnes (1-Sv)",N.Pivetta,4.56,4.42,1.38,8.8,1.4,3.7,8.8
